id,name,description,price,category,subcategory,brand,seller_id,quantity,images,in_stock,created_at,updated_at,review_count,rating
2001,Syngenta Sahel F1 Hybrid Tomato Seeds,"Syngenta Sahel F1 Hybrid Tomato Seeds - Premium Quality Climbing Tomato Variety

About Sahel F1 Hybrid Tomato Seeds:
Sahel F1 is a high-yielding, indeterminate climbing tomato variety developed by Syngenta. This hybrid variety is specially designed for commercial cultivation and home gardens.

Key Features:
• High yielding indeterminate variety with excellent fruit quality
• Uniform fruit size and shape with attractive red color
• Strong plant vigor with good disease resistance
• Suitable for both open field and protected cultivation
• Long harvesting period with consistent production
• Excellent shelf life and transportation quality

Plant Characteristics:
• Plant Type: Indeterminate climbing variety
• Fruit Shape: Round to slightly flattened
• Fruit Weight: 80-100 grams per fruit
• Fruit Color: Bright red when mature
• Days to Maturity: 70-75 days from transplanting

Growing Conditions:
• Sowing Season: Kharif and Rabi seasons
• Seed Rate: 200-250 grams per acre
• Spacing: 60 x 45 cm (plant to plant and row to row)
• Soil Type: Well-drained fertile soil with pH 6.0-7.0
• Temperature: 20-25°C for optimal growth

Disease Resistance:
• Tolerant to Tomato Leaf Curl Virus (ToLCV)
• Resistant to Early Blight and Late Blight
• Good tolerance to bacterial wilt

Yield Potential:
• Expected yield: 25-30 tons per acre under good management
• Continuous bearing for 4-5 months
• High marketable fruit percentage

Package Contents: 10 grams (approximately 3000-3500 seeds)
Seed Treatment: Pre-treated with Fludioxonil fungicide for better germination and disease protection

Storage Instructions: Store in cool, dry place away from direct sunlight. Use within 2 years of manufacturing date for best results.",299,Seeds,Vegetable Seeds,Syngenta,8524a391-b371-42f3-86fe-a6f095fab145,150,"[""https://images.unsplash.com/photo-1592841200221-a6898f307baa?w=400&h=400&fit=crop""]",TRUE,2025-07-11 15:40:58.807068+00,2025-07-11 15:40:58.807068+00,0,0
2002,UPL Advanta 12021 F1 Hybrid Tomato Seeds,"UPL Advanta 12021 F1 Hybrid Tomato Seeds - High Performance Determinate Variety

About Advanta 12021 F1 Hybrid Tomato:
Advanta 12021 is a premium F1 hybrid tomato variety developed by UPL Limited. This determinate variety is ideal for commercial cultivation with excellent yield potential and superior fruit quality.

Key Features:
• Determinate growth habit suitable for mechanical harvesting
• Uniform fruit ripening with excellent color development
• High fruit setting capacity even under stress conditions
• Superior post-harvest quality with extended shelf life
• Resistant to major tomato diseases
• Suitable for processing and fresh market

Plant Characteristics:
• Plant Type: Determinate bush type
• Plant Height: 60-80 cm
• Fruit Shape: Round to oval
• Fruit Weight: 70-90 grams per fruit
• Fruit Color: Deep red with uniform coloring
• Days to Maturity: 65-70 days from transplanting

Growing Specifications:
• Sowing Season: Year-round cultivation possible
• Seed Rate: 150-200 grams per acre
• Spacing: 45 x 30 cm for optimal plant density
• Soil Requirement: Well-drained loamy soil with good organic matter
• pH Range: 6.0-7.5 for best performance
• Water Requirement: Regular irrigation with good drainage

Disease Resistance Profile:
• High resistance to Tomato Mosaic Virus (TMV)
• Tolerant to Fusarium Wilt Race 1 & 2
• Good field tolerance to bacterial diseases
• Resistant to nematode infestation

Yield and Quality:
• Average yield: 20-25 tons per acre
• High percentage of Grade A fruits
• Excellent firmness for transportation
• Good processing quality with high TSS content
• Uniform fruit size reduces grading costs

Cultivation Tips:
• Use raised beds for better drainage
• Apply balanced fertilization program
• Regular monitoring for pest and disease management
• Proper staking and pruning for better fruit development

Package: 10 grams (approximately 3500-4000 seeds)
Germination: 85-90% under optimal conditions
Seed Validity: 2 years from date of packaging",349,Seeds,Vegetable Seeds,UPL Advanta,8524a391-b371-42f3-86fe-a6f095fab145,120,"[""https://images.unsplash.com/photo-1546470427-e26264be0b0d?w=400&h=400&fit=crop""]",TRUE,2025-07-11 15:40:58.807068+00,2025-07-11 15:40:58.807068+00,0,0
2003,Gentex Remi LX 958 F1 Hybrid Chilli Seeds,"Gentex Remi LX 958 F1 Hybrid Chilli Seeds - Premium Hot Chilli Variety

About Remi LX 958 F1 Hybrid Chilli:
Remi LX 958 is a superior F1 hybrid chilli variety developed by Gentex Seeds. This variety is known for its exceptional pungency, high yield potential, and excellent fruit quality suitable for both fresh market and processing.

Key Features:
• High pungency level with excellent flavor profile
• Uniform fruit size and shape with attractive appearance
• Strong plant vigor with good branching habit
• Extended harvesting period with continuous fruit setting
• Excellent disease resistance package
• Suitable for both open field and protected cultivation

Plant Characteristics:
• Plant Type: Semi-determinate with strong branching
• Plant Height: 80-100 cm with good spread
• Fruit Length: 8-10 cm long, slender shape
• Fruit Color: Dark green turning to bright red when mature
• Fruit Weight: 8-12 grams per fruit
• Days to First Harvest: 60-65 days from transplanting

Growing Requirements:
• Sowing Season: Kharif and Rabi seasons
• Seed Rate: 250-300 grams per acre
• Spacing: 60 x 45 cm for optimal plant development
• Soil Type: Well-drained fertile soil rich in organic matter
• pH Range: 6.0-7.0 for best growth
• Temperature: 25-30°C during growing season

Disease Resistance:
• High resistance to Chilli Leaf Curl Virus
• Tolerant to Anthracnose and Fruit Rot
• Good field tolerance to bacterial leaf spot
• Resistant to thrips and aphid damage

Quality Parameters:
• High capsaicin content for excellent pungency
• Good drying quality with low moisture content
• Excellent color retention after processing
• High oleoresin content suitable for extraction
• Good shelf life in fresh and dried form

Yield Potential:
• Fresh yield: 12-15 tons per acre
• Dry yield: 2.5-3.0 tons per acre
• Continuous picking for 4-5 months
• High fruit setting percentage even under stress

Cultivation Guidelines:
• Prepare well-pulverized seedbed for nursery
• Transplant 25-30 days old seedlings
• Apply recommended dose of fertilizers
• Regular irrigation with proper drainage
• Integrated pest and disease management

Package Details: 10 grams (approximately 1500-1800 seeds)
Seed Treatment: Treated with recommended fungicides
Storage: Store in cool, dry conditions
Shelf Life: 2 years under proper storage conditions",279,Seeds,Vegetable Seeds,Gentex,8524a391-b371-42f3-86fe-a6f095fab145,100,"[""https://images.unsplash.com/photo-1583663848850-46af132dc08e?w=400&h=400&fit=crop""]",TRUE,2025-07-11 15:40:58.807068+00,2025-07-11 15:40:58.807068+00,0,0
2004,Syngenta NS 404 F1 Hybrid Cucumber Seeds,"Syngenta NS 404 F1 Hybrid Cucumber Seeds - Premium Slicing Cucumber Variety

About NS 404 F1 Hybrid Cucumber:
NS 404 is a high-performance F1 hybrid cucumber variety developed by Syngenta for commercial cultivation. This variety combines excellent fruit quality with high yield potential and strong disease resistance.

Key Features:
• Excellent fruit quality with uniform size and shape
• High yield potential with extended harvesting period
• Strong plant vigor with good disease resistance
• Suitable for both fresh market and processing
• Excellent shelf life and transportation quality
• Adaptable to various growing conditions

Plant Characteristics:
• Plant Type: Indeterminate climbing variety
• Vine Length: 2-3 meters with strong growth
• Fruit Length: 18-22 cm
• Fruit Diameter: 4-5 cm
• Fruit Color: Dark green with attractive appearance
• Fruit Weight: 150-200 grams per fruit
• Days to First Harvest: 45-50 days from sowing

Growing Specifications:
• Sowing Season: Year-round cultivation possible
• Seed Rate: 1-1.5 kg per acre
• Spacing: 100 x 50 cm for proper vine development
• Soil Type: Well-drained fertile soil with good organic content
• pH Range: 6.0-7.0 for optimal growth
• Water Requirement: Regular irrigation with good drainage

Disease Resistance Package:
• High resistance to Downy Mildew
• Tolerant to Powdery Mildew
• Good field tolerance to Angular Leaf Spot
• Resistant to Cucumber Mosaic Virus
• Tolerant to bacterial wilt

Quality Attributes:
• Crisp texture with excellent eating quality
• Uniform dark green color throughout fruit
• Minimal seed cavity with tender seeds
• Good keeping quality after harvest
• Excellent processing characteristics
• High water content with refreshing taste

Yield Performance:
• Average yield: 15-20 tons per acre
• Continuous harvesting for 2-3 months
• High percentage of marketable fruits
• Consistent fruit quality throughout season
• Good fruit setting under various conditions

Cultivation Practices:
• Direct sowing or transplanting both suitable
• Provide proper support structure for climbing
• Regular harvesting to maintain continuous production
• Balanced nutrition program for optimal yield
• Integrated pest management for healthy crop

Package Information: 100 grams (approximately 3000-3500 seeds)
Germination Rate: 90-95% under favorable conditions
Seed Validity: 3 years from manufacturing date
Storage: Keep in cool, dry place away from moisture",399,Seeds,Vegetable Seeds,Syngenta,8524a391-b371-42f3-86fe-a6f095fab145,80,"[""https://images.unsplash.com/photo-1449824913935-59a10b8d2000?w=400&h=400&fit=crop""]",TRUE,2025-07-11 15:40:58.807068+00,2025-07-11 15:40:58.807068+00,0,0
2005,Seminis Malini F1 Hybrid Cucumber Seeds,"Seminis Malini F1 Hybrid Cucumber Seeds - Superior Quality Pickling Cucumber

About Malini F1 Hybrid Cucumber:
Malini is a premium F1 hybrid cucumber variety from Seminis, specifically developed for pickling and fresh market use. This variety offers exceptional fruit quality with high yield potential and excellent disease resistance.

Key Features:
• Ideal for both pickling and fresh consumption
• Uniform fruit size perfect for commercial processing
• High fruit setting capacity under various conditions
• Excellent disease resistance package
• Strong plant vigor with good adaptability
• Extended shelf life with superior post-harvest quality

Plant Characteristics:
• Plant Type: Determinate bush type suitable for dense planting
• Plant Spread: Compact growth habit
• Fruit Length: 12-15 cm ideal for pickling
• Fruit Diameter: 3-4 cm uniform thickness
• Fruit Color: Medium green with attractive appearance
• Fruit Weight: 80-120 grams per fruit
• Days to Maturity: 40-45 days from sowing

Growing Parameters:
• Sowing Season: Suitable for multiple seasons
• Seed Rate: 1.5-2.0 kg per acre
• Plant Spacing: 75 x 40 cm for optimal density
• Soil Requirement: Well-drained loamy soil with pH 6.0-7.5
• Temperature Range: 20-30°C for best performance
• Water Management: Regular irrigation avoiding waterlogging

Disease Resistance Profile:
• Excellent resistance to Downy Mildew
• High tolerance to Powdery Mildew
• Resistant to Cucumber Mosaic Virus (CMV)
• Good field tolerance to Angular Leaf Spot
• Tolerant to Anthracnose

Quality Features:
• Crisp texture with excellent crunch
• Minimal bitterness with sweet flavor
• Uniform green color without yellowing
• Small seed cavity with tender seeds
• Excellent pickling quality with good firmness
• High water content with refreshing taste

Yield and Performance:
• Expected yield: 12-18 tons per acre
• High percentage of Grade A fruits
• Consistent fruit quality throughout harvest
• Good fruit setting even under stress conditions
• Extended harvesting period of 60-70 days

Cultivation Guidelines:
• Prepare well-drained raised beds
• Apply recommended organic and inorganic fertilizers
• Maintain proper plant spacing for air circulation
• Regular monitoring for pest and disease management
• Harvest at proper maturity for best quality

Special Features:
• Suitable for mechanical harvesting
• Excellent processing quality for pickle industry
• Good transportation and storage characteristics
• Uniform maturity for bulk harvesting
• High market acceptance due to consistent quality

Package: 50 grams (approximately 1500-2000 seeds)
Germination: 88-92% under optimal conditions
Seed Life: 3 years under proper storage
Treatment: Seeds treated with fungicide for better establishment",329,Seeds,Vegetable Seeds,Seminis,8524a391-b371-42f3-86fe-a6f095fab145,90,"[""https://images.unsplash.com/photo-1604977042946-1eecc30f269e?w=400&h=400&fit=crop""]",TRUE,2025-07-11 15:40:58.807068+00,2025-07-11 15:40:58.807068+00,0,0
2006,Raadhika F1 Hybrid Okra Seeds,"Raadhika F1 Hybrid Okra (Bhindi) Seeds - Premium Quality High Yielding Variety

About Raadhika F1 Hybrid Okra:
Raadhika is a superior F1 hybrid okra variety developed by Advanta Seeds. This variety is known for its exceptional yield potential, uniform fruit quality, and strong disease resistance, making it ideal for commercial cultivation.

Key Features:
• High yielding F1 hybrid with consistent performance
• Uniform fruit size and shape with attractive green color
• Strong plant vigor with good branching habit
• Extended harvesting period with continuous fruit production
• Excellent disease and pest resistance
• Suitable for both fresh market and processing

Plant Characteristics:
• Plant Type: Semi-determinate with strong branching
• Plant Height: 120-150 cm with good spread
• Fruit Length: 12-15 cm at harvest maturity
• Fruit Color: Dark green with attractive appearance
• Fruit Shape: Pentagonal cross-section, straight pods
• Days to First Harvest: 45-50 days from sowing

Growing Requirements:
• Sowing Season: Kharif and summer seasons
• Seed Rate: 4-5 kg per acre for optimal plant population
• Spacing: 45 x 30 cm for proper plant development
• Soil Type: Well-drained fertile soil with good organic matter
• pH Range: 6.0-7.5 for best growth and yield
• Temperature: 25-35°C during growing season

Disease Resistance:
• High resistance to Yellow Vein Mosaic Virus (YVMV)
• Tolerant to Powdery Mildew and Cercospora Leaf Spot
• Good field tolerance to root rot diseases
• Resistant to major insect pests including jassids and aphids

Quality Parameters:
• Tender pods with minimal fiber content
• Excellent cooking quality with good taste
• Uniform dark green color throughout harvest
• Good shelf life with minimal post-harvest losses
• High nutritional value with good mucilage content
• Suitable for export quality standards

Yield Potential:
• Average yield: 12-15 tons per acre under good management
• Continuous harvesting for 3-4 months
• High fruit setting percentage
• Consistent fruit quality throughout season
• Good performance under varying climatic conditions

Cultivation Practices:
• Direct sowing in well-prepared field
• Apply balanced fertilization program
• Regular irrigation with proper drainage
• Timely harvesting every 2-3 days for tender pods
• Integrated pest and disease management

Special Advantages:
• Suitable for mechanical harvesting
• Good transportation and storage quality
• High market acceptance due to uniform appearance
• Excellent processing quality for value addition
• Adaptable to different agro-climatic conditions

Package Details: 500 grams (approximately 12000-15000 seeds)
Germination Rate: 85-90% under favorable conditions
Seed Treatment: Pre-treated with recommended fungicides
Storage Instructions: Store in cool, dry place
Shelf Life: 2 years from date of packaging",249,Seeds,Vegetable Seeds,Advanta,8524a391-b371-42f3-86fe-a6f095fab145,200,"[""https://images.unsplash.com/photo-1597714026720-8f74c62310ba?w=400&h=400&fit=crop""]",TRUE,2025-07-11 15:40:58.807068+00,2025-07-11 15:40:58.807068+00,0,0
2007,Black Diamond F1 Hybrid Brinjal Seeds,"Black Diamond F1 Hybrid Brinjal (Eggplant) Seeds - Premium Long Purple Variety

About Black Diamond F1 Hybrid Brinjal:
Black Diamond is a superior F1 hybrid brinjal variety known for its excellent fruit quality, high yield potential, and strong disease resistance. This variety produces long, attractive purple fruits ideal for commercial cultivation and home gardens.

Key Features:
• High yielding F1 hybrid with consistent fruit production
• Long, attractive purple fruits with glossy appearance
• Strong plant vigor with good branching and fruit setting
• Excellent disease resistance package
• Extended harvesting period with continuous production
• Suitable for both fresh market and processing

Plant Characteristics:
• Plant Type: Semi-determinate with strong upright growth
• Plant Height: 80-100 cm with good branching
• Fruit Length: 18-22 cm long, cylindrical shape
• Fruit Color: Deep purple with glossy skin
• Fruit Weight: 200-250 grams per fruit
• Days to First Harvest: 65-70 days from transplanting

Growing Specifications:
• Sowing Season: Kharif and Rabi seasons
• Seed Rate: 200-250 grams per acre
• Spacing: 75 x 60 cm for optimal plant development
• Soil Type: Well-drained fertile soil rich in organic matter
• pH Range: 6.0-7.0 for best performance
• Temperature: 25-30°C during growing season

Disease Resistance Profile:
• High resistance to Bacterial Wilt
• Tolerant to Shoot and Fruit Borer damage
• Good field tolerance to Little Leaf disease
• Resistant to Verticillium Wilt
• Tolerant to nematode infestation

Quality Features:
• Tender flesh with minimal seeds
• Excellent cooking quality with good taste
• Uniform purple color without bitterness
• Good shelf life with minimal post-harvest losses
• High nutritional value with good fiber content
• Suitable for various culinary preparations

Yield Performance:
• Expected yield: 25-30 tons per acre
• Continuous harvesting for 4-5 months
• High percentage of marketable fruits
• Consistent fruit quality throughout season
• Good fruit setting under stress conditions

Cultivation Guidelines:
• Raise seedlings in nursery and transplant
• Apply recommended dose of organic and inorganic fertilizers
• Regular irrigation with proper drainage
• Timely harvesting for tender fruits
• Integrated pest and disease management

Package: 10 grams (approximately 2500-3000 seeds)
Germination: 80-85% under optimal conditions
Seed Life: 3 years under proper storage
Treatment: Seeds treated with fungicide for disease protection",389,Seeds,Vegetable Seeds,FB Seeds,8524a391-b371-42f3-86fe-a6f095fab145,75,"[""https://images.unsplash.com/photo-1615485290382-441e4d049cb5?w=400&h=400&fit=crop""]",TRUE,2025-07-11 15:40:58.807068+00,2025-07-11 15:40:58.807068+00,0,0
2008,Syngenta Ivory White Radish Seeds,"Syngenta Ivory White Radish Seeds - Premium Quality Fast Growing Variety

About Ivory White Radish:
Ivory White is a superior radish variety developed by Syngenta, known for its fast growth, excellent root quality, and uniform appearance. This variety is ideal for both commercial cultivation and home gardens.

Key Features:
• Fast growing variety with quick maturity
• Uniform white roots with attractive appearance
• Crisp texture with mild, sweet flavor
• Good storage quality with extended shelf life
• Suitable for both fresh market and processing
• High germination rate with vigorous growth

Plant Characteristics:
• Root Length: 15-20 cm long, cylindrical shape
• Root Diameter: 3-4 cm uniform thickness
• Root Color: Pure white with smooth skin
• Root Weight: 150-200 grams per root
• Leaf Color: Dark green with good vigor
• Days to Maturity: 35-40 days from sowing

Growing Requirements:
• Sowing Season: October to February (Rabi season)
• Seed Rate: 8-10 kg per acre for optimal plant density
• Spacing: 30 x 15 cm or 40 x 10 cm
• Soil Type: Well-drained sandy loam soil
• pH Range: 6.0-7.0 for best root development
• Temperature: 15-25°C during growing period

Quality Parameters:
• Crisp and juicy texture with excellent eating quality
• Mild pungency with sweet undertones
• Uniform white color throughout root
• Good keeping quality after harvest
• High water content with refreshing taste
• Rich in vitamins and minerals

Yield Potential:
• Average yield: 20-25 tons per acre
• High percentage of marketable roots
• Uniform maturity for bulk harvesting
• Good field performance under various conditions
• Consistent quality throughout harvest period

Cultivation Practices:
• Direct sowing in well-prepared beds
• Maintain proper soil moisture throughout growth
• Apply balanced fertilization program
• Regular weeding and thinning for proper root development
• Harvest at proper maturity for best quality

Special Features:
• Suitable for succession planting
• Good bolt resistance under favorable conditions
• Excellent for salad and cooking purposes
• High market acceptance due to uniform appearance
• Suitable for value-added processing

Package Information: 500 grams (approximately 25000-30000 seeds)
Germination Rate: 85-90% under favorable conditions
Seed Validity: 2 years from manufacturing date
Storage: Store in cool, dry place away from moisture",199,Seeds,Vegetable Seeds,Syngenta,8524a391-b371-42f3-86fe-a6f095fab145,180,"[""https://images.unsplash.com/photo-1597362925123-77861d3fbac7?w=400&h=400&fit=crop""]",TRUE,2025-07-11 15:40:58.807068+00,2025-07-11 15:40:58.807068+00,0,0
2009,All Season Spinach Seeds,"All Season Spinach Seeds - Nutritious Leafy Green Vegetable

About All Season Spinach:
All Season Spinach is a versatile variety that can be grown throughout the year in suitable climatic conditions. This variety is known for its tender leaves, high nutritional value, and excellent adaptability to different growing conditions.

Key Features:
• Suitable for year-round cultivation
• Fast growing with tender, nutritious leaves
• High yielding variety with multiple harvests
• Good bolt resistance in varying temperatures
• Rich in vitamins, minerals, and antioxidants
• Suitable for both fresh consumption and processing

Plant Characteristics:
• Plant Type: Leafy green with rosette growth habit
• Leaf Size: Medium to large, dark green leaves
• Leaf Texture: Smooth, tender leaves with good thickness
• Plant Height: 15-25 cm at harvest maturity
• Days to First Harvest: 25-30 days from sowing
• Harvesting Period: Multiple cuts possible

Growing Specifications:
• Sowing Season: Year-round with seasonal preferences
• Seed Rate: 15-20 kg per acre for dense planting
• Spacing: 20 x 10 cm for optimal leaf development
• Soil Type: Well-drained fertile soil rich in nitrogen
• pH Range: 6.0-7.5 for best growth
• Temperature: 15-25°C for optimal leaf quality

Nutritional Benefits:
• High in iron, calcium, and vitamin K
• Rich source of folate and vitamin A
• Good source of dietary fiber and protein
• Contains antioxidants like lutein and zeaxanthin
• Low in calories but high in nutrients
• Beneficial for overall health and immunity

Quality Features:
• Tender leaves with mild, pleasant flavor
• Dark green color indicating high chlorophyll content
• Good shelf life when properly stored
• Minimal oxalate content compared to other varieties
• Excellent for salads, cooking, and juicing
• High water content with crisp texture

Yield Performance:
• Expected yield: 8-12 tons per acre
• Multiple harvests from single sowing
• Continuous production for 2-3 months
• High leaf to stem ratio
• Good regrowth after cutting

Cultivation Guidelines:
• Direct sowing in well-prepared beds
• Maintain consistent soil moisture
• Apply nitrogen-rich fertilizers for leafy growth
• Regular harvesting to encourage new growth
• Protection from extreme heat and cold

Package: 500 grams (approximately 15000-20000 seeds)
Germination: 80-85% under optimal conditions
Seed Life: 3 years under proper storage conditions
Storage: Keep in cool, dry place away from direct sunlight",159,Seeds,Vegetable Seeds,Green Valley,8524a391-b371-42f3-86fe-a6f095fab145,250,"[""https://images.unsplash.com/photo-1576045057995-568f588f82fb?w=400&h=400&fit=crop""]",TRUE,2025-07-11 15:40:58.807068+00,2025-07-11 15:40:58.807068+00,0,0
2010,Pusa Kesar Carrot Seeds,"Pusa Kesar Carrot Seeds - Premium Orange Root Vegetable

About Pusa Kesar Carrot:
Pusa Kesar is a popular carrot variety developed by IARI (Indian Agricultural Research Institute). This variety is known for its excellent root quality, attractive orange color, and high nutritional value, making it ideal for both commercial cultivation and home gardens.

Key Features:
• Excellent root quality with uniform orange color
• High carotene content with superior nutritional value
• Good storage quality with extended shelf life
• Suitable for both fresh market and processing
• Strong plant vigor with good adaptability
• High market acceptance due to consistent quality

Plant Characteristics:
• Root Length: 15-20 cm long, conical shape
• Root Diameter: 3-4 cm at shoulder
• Root Color: Deep orange with uniform coloring
• Root Weight: 100-150 grams per root
• Leaf Color: Dark green with good vigor
• Days to Maturity: 90-100 days from sowing

Growing Requirements:
• Sowing Season: October to January (Rabi season)
• Seed Rate: 4-5 kg per acre for optimal plant density
• Spacing: 30 x 5 cm for proper root development
• Soil Type: Well-drained sandy loam soil
• pH Range: 6.0-7.0 for best root formation
• Temperature: 16-20°C during growing period

Nutritional Profile:
• High beta-carotene content (Vitamin A precursor)
• Good source of dietary fiber and potassium
• Contains vitamin K and vitamin C
• Rich in antioxidants and phytonutrients
• Low in calories but high in nutrients
• Beneficial for eye health and immunity

Quality Features:
• Sweet, crisp texture with excellent eating quality
• Uniform orange color throughout root
• Good core to cortex ratio
• Minimal cracking and forking
• Excellent cooking and processing quality
• High juice content suitable for extraction

Yield Performance:
• Expected yield: 25-30 tons per acre
• High percentage of marketable roots
• Uniform maturity for bulk harvesting
• Good field performance under various conditions
• Consistent quality throughout harvest period

Cultivation Practices:
• Direct sowing in well-prepared raised beds
• Maintain proper soil moisture throughout growth
• Apply balanced fertilization with emphasis on potash
• Regular weeding and thinning for proper root development
• Harvest at proper maturity for best quality and storage

Special Advantages:
• Suitable for export quality standards
• Good processing quality for value addition
• High market demand due to superior color
• Excellent for fresh consumption and cooking
• Good adaptation to Indian climatic conditions

Package Information: 500 grams (approximately 200000-250000 seeds)
Germination Rate: 75-80% under favorable conditions
Seed Validity: 2 years from manufacturing date
Storage: Store in cool, dry place with proper ventilation",229,Seeds,Vegetable Seeds,IARI Pusa,8524a391-b371-42f3-86fe-a6f095fab145,160,"[""https://images.unsplash.com/photo-1598170845058-32b9d6a5da37?w=400&h=400&fit=crop""]",TRUE,2025-07-11 15:40:58.807068+00,2025-07-11 15:40:58.807068+00,0,0
2011,Sugar Baby Watermelon Seeds,"Sugar Baby Watermelon Seeds - Premium Small-Sized Sweet Variety

About Sugar Baby Watermelon:
Sugar Baby is a popular small-sized watermelon variety known for its exceptional sweetness, compact size, and excellent eating quality. This variety is perfect for home gardens and commercial cultivation where space is limited.

Key Features:
• Compact size perfect for small families and storage
• Exceptionally sweet with high sugar content
• Early maturing variety with good yield potential
• Strong plant vigor with good disease resistance
• Suitable for both fresh consumption and juice extraction
• Excellent keeping quality after harvest

Plant Characteristics:
• Plant Type: Vigorous vine with good spreading habit
• Vine Length: 2-3 meters with strong growth
• Fruit Weight: 3-5 kg per fruit, ideal portion size
• Fruit Shape: Round to slightly oval
• Rind Color: Dark green with darker stripes
• Flesh Color: Deep red with black seeds
• Days to Maturity: 75-80 days from sowing

Growing Requirements:
• Sowing Season: Summer and Kharif seasons
• Seed Rate: 2-3 kg per acre for optimal plant density
• Spacing: 2.5 x 1.5 meters for proper vine development
• Soil Type: Well-drained sandy loam soil rich in organic matter
• pH Range: 6.0-7.0 for best fruit development
• Temperature: 25-35°C during growing season

Quality Parameters:
• High sugar content (12-14% Brix)
• Crisp, juicy flesh with excellent texture
• Deep red flesh color with good flavor
• Minimal white heart with uniform ripening
• Good seed to flesh ratio
• Excellent nutritional value with vitamins and minerals

Yield Performance:
• Expected yield: 20-25 tons per acre
• 3-4 fruits per plant under good management
• Uniform fruit size and quality
• Good field performance under various conditions
• Extended harvesting period

Cultivation Guidelines:
• Direct sowing in well-prepared hills
• Apply adequate organic matter and balanced fertilizers
• Regular irrigation with proper drainage
• Mulching recommended for moisture conservation
• Integrated pest and disease management

Package: 100 grams (approximately 2500-3000 seeds)
Germination: 85-90% under optimal conditions
Seed Life: 4 years under proper storage
Storage: Keep in cool, dry place away from moisture",449,Seeds,Fruit Seeds,Hybrid Seeds,8524a391-b371-42f3-86fe-a6f095fab145,60,"[""https://images.unsplash.com/photo-1571771894821-ce9b6c11b08e?w=400&h=400&fit=crop""]",TRUE,2025-07-11 15:40:58.807068+00,2025-07-11 15:40:58.807068+00,0,0
2012,Arka Mridula Muskmelon Seeds,"Arka Mridula Muskmelon Seeds - Premium Aromatic Sweet Melon

About Arka Mridula Muskmelon:
Arka Mridula is a superior muskmelon variety developed by IIHR Bangalore, known for its excellent aroma, sweet taste, and attractive appearance. This variety is ideal for commercial cultivation and export purposes.

Key Features:
• Excellent aroma with sweet, refreshing taste
• Attractive netted appearance with good market appeal
• High sugar content with superior eating quality
• Good shipping and storage characteristics
• Strong plant vigor with good disease tolerance
• Suitable for both domestic and export markets

Plant Characteristics:
• Plant Type: Vigorous vine with good branching
• Vine Length: 2-2.5 meters with strong growth
• Fruit Weight: 1-1.5 kg per fruit
• Fruit Shape: Oval to round with uniform size
• Rind Color: Light green with prominent netting
• Flesh Color: Orange with thick flesh
• Days to Maturity: 65-70 days from sowing

Growing Specifications:
• Sowing Season: Summer and Kharif seasons
• Seed Rate: 1.5-2 kg per acre
• Spacing: 2 x 1 meter for optimal vine development
• Soil Type: Well-drained sandy loam with good drainage
• pH Range: 6.5-7.5 for best fruit quality
• Temperature: 25-30°C during fruit development

Quality Features:
• High TSS content (12-15% Brix)
• Strong aromatic fragrance
• Thick, orange flesh with excellent texture
• Good keeping quality with extended shelf life
• Rich in vitamins A and C
• Excellent for fresh consumption and processing

Yield Potential:
• Average yield: 15-20 tons per acre
• 4-6 fruits per plant under good management
• Uniform fruit quality throughout harvest
• Good field performance in various conditions
• Extended marketing period

Cultivation Practices:
• Prepare raised beds with good drainage
• Apply recommended dose of organic and inorganic fertilizers
• Regular irrigation avoiding waterlogging
• Proper training and pruning for better fruit quality
• Timely harvesting at proper maturity

Package: 50 grams (approximately 1200-1500 seeds)
Germination: 80-85% under favorable conditions
Seed Validity: 3 years from manufacturing date
Treatment: Seeds treated for better germination",389,Seeds,Fruit Seeds,IIHR,8524a391-b371-42f3-86fe-a6f095fab145,45,"[""https://images.unsplash.com/photo-1571771894821-ce9b6c11b08e?w=400&h=400&fit=crop""]",TRUE,2025-07-11 15:40:58.807068+00,2025-07-11 15:40:58.807068+00,0,0
2013,Pusa Dwarf Papaya Seeds,"Pusa Dwarf Papaya Seeds - High Yielding Dwarf Variety

About Pusa Dwarf Papaya:
Pusa Dwarf is a compact papaya variety developed by IARI, ideal for small gardens and commercial cultivation. This variety is known for its early bearing, high yield, and excellent fruit quality.

Key Features:
• Dwarf plant suitable for high-density planting
• Early bearing with continuous fruit production
• High yield potential with quality fruits
• Good disease resistance and adaptability
• Suitable for both fresh consumption and processing
• Excellent nutritional value with enzymes

Plant Characteristics:
• Plant Height: 1.5-2 meters, compact growth
• Fruit Weight: 1-2 kg per fruit
• Fruit Shape: Oval to oblong
• Flesh Color: Orange-red when ripe
• Days to First Fruiting: 8-10 months from planting
• Productive Life: 4-5 years

Growing Requirements:
• Planting Season: Year-round in suitable climate
• Spacing: 2 x 2 meters for dwarf variety
• Soil Type: Well-drained fertile soil
• pH Range: 6.0-7.0
• Temperature: 25-30°C for optimal growth
• Water: Regular irrigation with good drainage

Quality and Yield:
• Sweet taste with good aroma
• Rich in vitamins A and C
• High enzyme content (papain)
• Expected yield: 40-50 fruits per plant per year
• Good keeping quality and transportation

Package: 10 grams (approximately 300-400 seeds)
Germination: 70-80% under optimal conditions
Seed Life: 2 years under proper storage
Note: Papaya is dioecious - plant multiple seeds for fruit production",299,Seeds,Fruit Seeds,IARI Pusa,8524a391-b371-42f3-86fe-a6f095fab145,30,"[""https://images.unsplash.com/photo-1571771894821-ce9b6c11b08e?w=400&h=400&fit=crop""]",TRUE,2025-07-11 15:40:58.807068+00,2025-07-11 15:40:58.807068+00,0,0
2014,African Marigold Double Mix Seeds,"African Marigold Double Mix Flower Seeds - Vibrant Garden Blooms

About African Marigold Double Mix:
African Marigold Double Mix is a premium flower seed variety that produces large, double flowers in vibrant colors. These flowers are perfect for garden borders, flower beds, and cut flower arrangements.

Key Features:
• Large, double flowers with vibrant colors
• Long blooming period throughout the season
• Easy to grow with minimal maintenance
• Excellent for cut flowers and garden decoration
• Good heat and drought tolerance
• Attracts beneficial insects to the garden

Plant Characteristics:
• Plant Height: 60-90 cm tall, upright growth
• Flower Size: 8-12 cm diameter, fully double
• Flower Colors: Yellow, orange, red, and mixed shades
• Blooming Period: 60-90 days continuous flowering
• Days to Flowering: 45-55 days from sowing
• Plant Spread: 30-40 cm wide

Growing Requirements:
• Sowing Season: Year-round in suitable climate
• Seed Rate: 500 grams per acre for mass planting
• Spacing: 30 x 30 cm for proper plant development
• Soil Type: Well-drained fertile soil
• pH Range: 6.0-7.5 for optimal growth
• Temperature: 18-25°C for best flowering

Cultivation Guidelines:
• Direct sowing or transplanting both suitable
• Regular watering without waterlogging
• Apply balanced fertilizer for better flowering
• Deadheading spent flowers for continuous blooming
• Protection from strong winds due to tall growth

Uses and Benefits:
• Excellent for garden borders and mass planting
• Perfect for cut flower arrangements
• Natural pest deterrent in vegetable gardens
• Used in traditional festivals and decorations
• Attracts butterflies and beneficial insects

Package: 100 grams (approximately 8000-10000 seeds)
Germination: 85-90% under optimal conditions
Seed Life: 2 years under proper storage
Flowering Duration: 3-4 months continuous blooming",149,Seeds,Flower Seeds,Garden Pride,8524a391-b371-42f3-86fe-a6f095fab145,200,"[""https://images.unsplash.com/photo-1441974231531-c6227db76b6e?w=400&h=400&fit=crop""]",TRUE,2025-07-11 15:40:58.807068+00,2025-07-11 15:40:58.807068+00,0,0
2015,Zinnia Mixed Color Seeds,"Zinnia Mixed Color Flower Seeds - Colorful Garden Blooms

About Zinnia Mixed Color:
Zinnia Mixed Color is a popular annual flower that produces bright, colorful blooms throughout the growing season. These flowers are perfect for adding vibrant colors to gardens and are excellent for cut flower arrangements.

Key Features:
• Bright, colorful flowers in multiple shades
• Long-lasting blooms with good vase life
• Easy to grow annual flower
• Attracts butterflies and beneficial insects
• Heat and drought tolerant once established
• Excellent for mass planting and borders

Plant Characteristics:
• Plant Height: 30-60 cm depending on variety
• Flower Size: 5-8 cm diameter
• Flower Colors: Red, pink, yellow, orange, white, purple
• Blooming Period: Continuous flowering for 3-4 months
• Days to Flowering: 35-45 days from sowing
• Plant Spread: 20-30 cm wide

Growing Specifications:
• Sowing Season: Spring to early summer
• Seed Rate: 300-400 grams per acre
• Spacing: 20 x 20 cm for compact varieties
• Soil Type: Well-drained garden soil
• pH Range: 6.0-7.5 for best performance
• Temperature: 20-30°C for optimal growth

Cultivation Tips:
• Direct sowing in prepared beds
• Light covering of seeds for germination
• Regular watering during establishment
• Minimal fertilizer requirements
• Deadheading for continuous flowering

Garden Uses:
• Perfect for flower beds and borders
• Excellent cut flowers with long vase life
• Suitable for container gardening
• Attracts butterflies to the garden
• Good companion plant for vegetables

Package: 50 grams (approximately 3000-4000 seeds)
Germination: 80-85% under favorable conditions
Seed Validity: 3 years from manufacturing date
Bloom Duration: 3-4 months with proper care",119,Seeds,Flower Seeds,Bloom Master,8524a391-b371-42f3-86fe-a6f095fab145,300,"[""https://images.unsplash.com/photo-1441974231531-c6227db76b6e?w=400&h=400&fit=crop""]",TRUE,2025-07-11 15:40:58.807068+00,2025-07-11 15:40:58.807068+00,0,0
2016,Pusa Basmati 1121 Paddy Seeds,"Pusa Basmati 1121 Paddy Seeds - Premium Long Grain Aromatic Rice

About Pusa Basmati 1121:
Pusa Basmati 1121 is a premium aromatic rice variety developed by IARI, known for its extra-long grains, excellent cooking quality, and strong aroma. This variety is highly valued in both domestic and international markets.

Key Features:
• Extra-long grain with excellent cooking expansion
• Strong basmati aroma and superior taste
• High market value and export quality
• Good milling recovery with minimal breakage
• Suitable for premium rice market segment
• Excellent cooking quality with non-sticky texture

Plant Characteristics:
• Plant Height: 110-120 cm, semi-dwarf type
• Grain Length: 8.0-8.5 mm (extra long)
• Grain Shape: Long and slender
• Days to Maturity: 140-145 days
• Tillering: Good tillering capacity
• Panicle: Long panicles with good grain filling

Growing Requirements:
• Sowing Season: Kharif season (June-July)
• Seed Rate: 20-25 kg per acre
• Transplanting: 25-30 days old seedlings
• Spacing: 20 x 15 cm for optimal plant density
• Soil Type: Well-drained fertile soil
• pH Range: 6.0-7.5 for best performance
• Water: Continuous flooding during growth period

Quality Parameters:
• Excellent aroma and taste
• High head rice recovery (65-70%)
• Good elongation ratio (1.8-2.0)
• Low amylose content for better cooking
• Premium market acceptance
• Export quality standards

Yield Performance:
• Average yield: 18-22 quintals per acre
• Good grain filling and maturity
• Uniform grain size and quality
• Good field performance under proper management
• High market price due to premium quality

Cultivation Guidelines:
• Prepare well-puddled fields for transplanting
• Apply recommended dose of fertilizers
• Maintain proper water level throughout growth
• Integrated pest and disease management
• Proper harvesting and post-harvest handling

Package: 25 kg (certified seeds)
Germination: 85-90% under optimal conditions
Seed Certification: Certified by seed certification agency
Storage: Store in cool, dry place with proper ventilation",899,Seeds,Paddy,IARI Pusa,8524a391-b371-42f3-86fe-a6f095fab145,50,"[""https://images.unsplash.com/photo-1586201375761-83865001e31c?w=400&h=400&fit=crop""]",TRUE,2025-07-11 15:40:58.807068+00,2025-07-11 15:40:58.807068+00,0,0
2017,Pioneer 30V92 Hybrid Maize Seeds,"Pioneer 30V92 Hybrid Maize Seeds - High Yielding Yellow Corn Variety

About Pioneer 30V92 Hybrid Maize:
Pioneer 30V92 is a high-performance hybrid maize variety developed by Pioneer Hi-Bred. This variety is known for its excellent yield potential, strong plant vigor, and good adaptability to various growing conditions.

Key Features:
• High yielding hybrid with consistent performance
• Strong plant vigor with good standability
• Excellent grain quality with uniform kernel size
• Good disease and pest resistance
• Suitable for both grain and fodder purposes
• Wide adaptability across different agro-climatic zones

Plant Characteristics:
• Plant Height: 200-220 cm, strong stalks
• Cob Length: 18-22 cm with good grain filling
• Kernel Color: Yellow with good luster
• Kernel Type: Dent corn with good weight
• Days to Maturity: 95-105 days
• Cob Position: Mid to high cob placement

Growing Requirements:
• Sowing Season: Kharif and Rabi seasons
• Seed Rate: 20-25 kg per acre
• Spacing: 60 x 20 cm for optimal plant density
• Soil Type: Well-drained fertile soil
• pH Range: 6.0-7.5 for best performance
• Temperature: 25-30°C during growing season

Quality Features:
• High test weight (75-80 kg/hl)
• Good grain quality with uniform size
• Excellent for animal feed and human consumption
• High starch content suitable for processing
• Good storage quality with low moisture
• Premium market acceptance

Yield Performance:
• Expected yield: 25-30 quintals per acre
• Consistent performance across seasons
• Good grain to cob ratio
• High shelling percentage (80-85%)
• Uniform maturity for mechanical harvesting

Cultivation Guidelines:
• Prepare well-drained fields with good tilth
• Apply recommended dose of fertilizers
• Regular irrigation at critical growth stages
• Integrated pest and disease management
• Proper harvesting and post-harvest handling

Package: 10 kg (hybrid seeds)
Germination: 90-95% under optimal conditions
Seed Purity: 98% minimum as per standards
Storage: Store in cool, dry place away from moisture",749,Seeds,Maize/Corn,Pioneer,8524a391-b371-42f3-86fe-a6f095fab145,40,"[""https://images.unsplash.com/photo-1551754655-cd27e38d2076?w=400&h=400&fit=crop""]",TRUE,2025-07-11 15:40:58.807068+00,2025-07-11 15:40:58.807068+00,0,0
2018,Pusa Bold Mustard Seeds,"Pusa Bold Mustard Seeds - High Yielding Oilseed Variety

About Pusa Bold Mustard:
Pusa Bold is a popular mustard variety developed by IARI, known for its high oil content, good yield potential, and strong disease resistance. This variety is widely cultivated across India for oil production.

Key Features:
• High oil content (40-42%) with good quality
• Good yield potential with consistent performance
• Strong disease resistance package
• Suitable for both oil extraction and vegetable use
• Good market acceptance and premium prices
• Wide adaptability across different regions

Plant Characteristics:
• Plant Height: 150-180 cm, strong branching
• Siliqua Length: 4-5 cm with good seed filling
• Seed Color: Reddish brown with good size
• Days to Maturity: 135-145 days
• Branching: Good secondary and tertiary branching
• Flowering: Bright yellow flowers in clusters

Growing Requirements:
• Sowing Season: Rabi season (October-November)
• Seed Rate: 4-5 kg per acre
• Spacing: 30 x 10 cm for optimal plant density
• Soil Type: Well-drained fertile soil
• pH Range: 6.0-7.5 for best performance
• Temperature: 15-25°C during growing season

Quality Parameters:
• High oil content with good quality
• Low erucic acid content
• Good glucosinolate profile
• Excellent for oil extraction
• Good storage quality
• Premium market value

Yield Performance:
• Expected yield: 12-15 quintals per acre
• High oil recovery percentage
• Consistent performance across seasons
• Good seed setting and filling
• Uniform maturity for harvesting

Cultivation Practices:
• Prepare fine seedbed for uniform germination
• Apply recommended dose of fertilizers
• Regular irrigation at critical stages
• Integrated pest and disease management
• Proper harvesting to avoid shattering losses

Package: 10 kg (certified seeds)
Germination: 85-90% under optimal conditions
Oil Content: 40-42% on dry weight basis
Storage: Store in cool, dry place with proper ventilation",449,Seeds,Mustard,IARI Pusa,8524a391-b371-42f3-86fe-a6f095fab145,80,"[""https://images.unsplash.com/photo-1551754655-cd27e38d2076?w=400&h=400&fit=crop""]",TRUE,2025-07-11 15:40:58.807068+00,2025-07-11 15:40:58.807068+00,0,0
2019,Lucerne Fodder Seeds,"Lucerne (Alfalfa) Fodder Seeds - Premium Quality Animal Feed Crop

About Lucerne Fodder:
Lucerne, also known as Alfalfa, is a high-quality perennial fodder crop known for its excellent nutritional value and high protein content. It is considered the 'Queen of Forages' due to its superior feeding quality.

Key Features:
• High protein content (18-22%) with excellent nutritional value
• Perennial crop with multiple cuts per year
• Deep root system improving soil fertility
• Excellent palatability for all livestock
• High digestibility with good energy content
• Nitrogen fixation capability enriching soil

Plant Characteristics:
• Plant Height: 60-90 cm at cutting stage
• Root System: Deep taproot up to 3-4 meters
• Leaf Type: Trifoliate leaves with good leaf to stem ratio
• Flowering: Purple flowers in racemes
• Growth Habit: Upright with good regrowth capacity
• Cutting Interval: 30-35 days between cuts

Growing Requirements:
• Sowing Season: October-November (Rabi) or March-April
• Seed Rate: 20-25 kg per acre
• Spacing: Broadcasting or line sowing
• Soil Type: Well-drained fertile soil with good depth
• pH Range: 6.5-7.5 for optimal growth
• Temperature: 15-25°C for best establishment

Nutritional Value:
• Crude protein: 18-22%
• Digestible nutrients: 60-65%
• Calcium and phosphorus rich
• High vitamin A and D content
• Excellent amino acid profile
• Low fiber content for better digestibility

Yield Performance:
• Green fodder yield: 80-100 tons per acre per year
• Dry matter yield: 15-20 tons per acre per year
• 6-8 cuts per year under good management
• High quality fodder throughout the year
• Consistent production for 4-5 years

Cultivation Guidelines:
• Prepare well-drained seedbed with good tilth
• Inoculate seeds with Rhizobium bacteria
• Apply phosphorus and potash fertilizers
• Regular irrigation without waterlogging
• Cut at 10% flowering stage for best quality

Benefits:
• Improves milk production and quality in dairy animals
• Enhances growth rate in young animals
• Reduces feed costs due to high nutritional value
• Improves soil fertility through nitrogen fixation
• Excellent for hay making and silage preparation

Package: 25 kg (high quality seeds)
Germination: 80-85% under optimal conditions
Seed Purity: 98% minimum purity
Productive Life: 4-5 years with proper management",399,Seeds,Forage Seeds,Quality Feeds,8524a391-b371-42f3-86fe-a6f095fab145,60,"[""https://images.unsplash.com/photo-1551754655-cd27e38d2076?w=400&h=400&fit=crop""]",TRUE,2025-07-11 15:40:58.807068+00,2025-07-11 15:40:58.807068+00,0,0
